{
    "shop": [
    {
        "category": "Биоревитализация",
        "products": [
        {
            "id": 1,
            "name": "Sonata HA 1.8-perfect ",
            "pic": "img/Sonata-HA-1.8-perfect-1.6ml.jpg",
            "value": "1.6 ml",
            "price": 1200,
            "contains": "<p>Основные ингредиенты: гиалуронат натрия с концентрацией 18мг/мл. </p>",
            "content": "<p>Гиалуроновая кислота* с молекулярным весом 1700kDa. Активный препарат воссоздает жизненный потенциал клеток кожи и оказывает яркое омолаживающее действие. Рекомендуется для подготовки и реабилитации после использования активных аппаратных методов омоложения, пластических операций, глубоких и срединных пилингов. </p><p><b>Результат:</b> </p><p>Увлажнение и лифтинг. </p><p><b>Форма выпуска:</b> </p><p>Одноразовый шприц 1.6мл. </p><p>* стерильная апирогенная нестабилизированная гиалуроновая кислота.</p>"
        },
        {
            "id": 2,
            "name": "Sonata HA 2.7-perfect ",
            "pic": "img/Sonata-HA-2.7-perfect-1.6ml.jpg",
            "value": "1.6 ml",
            "price": 1300,
            "contains": "<p>Основные ингредиенты: гиалуронат натрия с концентрацией 27мг/мл. </p>",
            "content": "<p>Гиалуроновая кислота* с молекулярным весом 2500 kDa, Препарат превосходно восстанавливает тургор дермы. Благодаря стимуляции синтеза неоколлагеновых волокон придает коже упругость и гладкость. Так же предназначен для омоложения области тыла кистей рук, предплечья и внутренней поверхности плеча. </p><p><b>Результат:</b> </p><p>Уплотнение и повышение тонуса кожи; уменьшение глубины выраженных дермальных линий, удаление мелких морщин; сужение пор; выравнивание цвета лица и кожи рук. </p><p><b>Форма выпуска:</b> </p><p>Одноразовый шприц 1.6мл. </p><p>* стерильная апирогенная нестабилизированная гиалуроновая кислота.</p>"
        },
        {
            "id": 3,
            "name": "Sonata HA 3.6-perfect",
            "pic": "img/Sonata-HA-3.6-perfect-1.6ml.jpg",
            "value": "1.6 ml",
            "price": 1500,
            "contains": "<p>Основные ингредиенты: гиалуронат натрия с концентрацией 36мг/мл. </p>",
            "content": "<p>Гиалуроноваякислота* с молекулярным весом 3100 kDa. В основном используется для дряблых областей возрастной кожи лица. Сглаживает рельеф крупных дермолиний. Восстанавливает утраченные объемы (участок красной каймыгуб, кожные покровынад и под скуловым участком). Может использоваться в качестве «временного филлера для «показательного эффекта губы, носогубные складки. «Продлевает жизнь введенному ранее филлеру(актуально для носогубных складок). </p><p><b>Результат:</b> </p><p>Купирование птоза кожных покровов, устранение избытка кожного лоскута на деликатных участках.</p><p><b>Форма выпуска:</b> </p><p>Одноразовый шприц 1.6мл. </p><p>* стерильная апирогенная нестабилизированная гиалуроновая кислота.</p>"
        },
        {
            "id": 4,
            "name": "MESO-F HyalSoft 1.2%",
            "pic": "img/MesoF-1.2.jpg",
            "value": "1.4ml",
            "price": 1000,
            "contains": "<p>Состав: Гиалуроновая кислота биосинтетическая, нестабилизированная.</p><p>Концентрация: 12 мг/мл.</p>",
            "content": "<table><tr><td>БИОРЕВИТАЛИЗАЦИЯ В ШПРИЦАХ</td><td>УВЛАЖНЕНИЕ ВО ФЛАКОНАХ</td></tr><tr> <td> Идеальная терапия дермы с целью увлажнения и повышения тургора кожи; биоревитализации в молодом возрасте </td><td> Идеален для увлажнения базы для создания коктейлей при использовании пептидов на раздраженной чувствительной коже. </td></tr><tr> <td colspan=\"2\">Биоревитализация, гидратация</td></tr><tr> <td>Гель   в шприце объемом 1,4 мл </td><td>Гель во флаконах объемом 3 и 6 мл</td></tr><tr> <td>М.в. 1100 кДа</td><td>М.в. 1100 кДа и больше</td></tr></table><center> <p><b>ХАРАКТЕРИСТИКИ И ОТЛИЧИЯ</b><br>(применимо ко всем препаратам данной линейки)</p></center><p>В шприцах ГК имеет узкий диапазоном значений м.в. таким образом, длины молекул ГК будут иметь более низкую биодоступность для гиалуронидаз в тканях, дольше депонироваться и медленнее биодеградировать по сравнению с препаратами равной концентрации, но имеющими разброс значений по м.м (во флаконах).</p><center> <p><b>КЛИНИЧЕСКИЕ РЕЗУЛЬТАТЫ</b> <br>ОБЩИЕ</p></center><ul> <li>Повышение увлажненности, тонуса и тургора кожи лица, шеи, декольте, кистей рук;</li><li>Разглаживание и предотвращение появления поверхностных морщин;</li><li>Выравнивание рельефа кожи;</li><li>Разглаживание «гусиных лапок» и гидратация нижнего века.</li></ul><p>При комбинированном использовании - сокращение периода реабилитации после лазерных шлифовок, химических пилингов.</p><center> <p>ОТЛИЧИЯ<br>(применимо ко всем препаратам данной линейки)</p></center><table> <tr> <td>БИОРЕВИТАЛИЗАЦИЯ В ШПРИЦАХ</td><td>УВЛАЖНЕНИЕ ВО ФЛАКОНАХ</td></tr><tr> <td> <ul> <li>Применяется в моновиде у взыскательных клиентов </li><li>Курс короче </li><li> Первичный эффект наступает после первой процедуры </li><li> Кратность ниже </li><li>Стойкость результата выше</li></ul> </td><td> <ul> <li>Для пациентов, которым высокая кратность (еженедельно) и более длительный курс (не менее 6) процедур не критичны</li><li>Курс длиннее</li><li> Первичный эффект наступает после третьей процедуры</li><li> Кратность выше</li><li>Стойкость результата ниже</li></ul> </td></tr></table>"
        },
        {
            "id": 5,
            "name": "MESO-F HyalSoft Plus 1.8%",
            "pic": "img/MesoF-1.8.jpg",
            "value": "1.4 ml",
            "price": 1050,
            "contains": "<p>Состав: Гиалуроновая кислота биосинтетическая, нестабилизированная.</p><p>Концентрация: 18 мг/мл.</p>",
            "content": "<center><p><b>ПРЕДПОЧТИТЕЛЬНОЕ ПРИМЕНЕНИЕ. ФОРМА ВЫПУСКА</b></p></center><table><tr><td>БИОРЕВИТАЛИЗАЦИЯ / БИОСТИМУЛЯЦИЯ В ШПРИЦАХ</td><td>БИОСТИМУЛЯЦИЯ ВО ФЛАКОНАХ</td></tr><tr><td colspan=\"2\">Идеален для проведения терапии дермы у пациентов старше 35 лет с целью разглаживания морщин, повышения тонуса, и биоревитализации кожи</td></tr><tr><td colspan=\"2\">Стимуляция неоколлагеногенеза. Биоревитализация </td></tr><tr><td>Гель   в шприце объемом 1,4 мл </td><td>Гель во флаконах объемом 3 и 6 мл</td></tr><tr><td>м.в. 1500 кДа</td><td>м.в. 1500-1700 кДа</td></tr></table><center><p><b>КЛИНИЧЕСКИЕ РЕЗУЛЬТАТЫ</b></p></center><ul><li>Оживление и лифтинг кожи с сохраненным регенераторным потенциалом;</li><li>Повышение упругости и тонуса кожи лица, шеи, декольте, кистей рук;</li><li>Разглаживание морщин;</li><li>Уменьшение выраженности дермальных складок;</li><li>Разглаживание морщин нижнего век.</li></ul>"
        },
        {
            "id": 6,
            "name": "MESO-F HyalMed 2.6%",
            "pic": "img/MesoF-2.6.jpg",
            "value": "1.4 ml",
            "price": 1100,
            "contains": "<p>Состав: Гиалуроновая кислота биосинтетическая, нестабилизированная.</p><p>Концентрация: 26 мг/мл.</p>",
            "content": "<center><p><b>ПРЕДПОЧТИТЕЛЬНОЕ ПРИМЕНЕНИЕ. ФОРМА ВЫПУСКА</b></p></center><table><tr><td>БИОСТИМУЛЯЦИЯ В ШПРИЦАХ / БИОРЕВИТАЛИЗАЦИЯ</td><td>БИОСТИМУЛЯЦИЯ ВО ФЛАКОНАХ</td></tr><tr><td colspan=\"2\">Идеален для проведения терапии дермы у пациентов после 45 лет, либо со сниженной регенераторной способностью в любом возрасте, с целью омоложения, лифтинга разглаживания морщин.</td></tr><tr><td colspan=\"2\">Стимуляция синтеза коллагена 1и 3 типа. «Оживление» в процессе биодеградации</td></tr><tr><td>Гель   в шприце объемом 1,4 мл </td><td>Гель во флаконах объемом 3 и 6 мл</td></tr><tr><td>м.в. 1700 кДа</td><td>м.в. 1700-1900 кДа</td></tr></table><center><p><b>КЛИНИЧЕСКИЕ РЕЗУЛЬТАТЫ</b></p></center><ul><li>Омоложение и лифтинг кожи;</li><li>Уменьшение дряблости кожи обрабатываемых проблемных областей;</li><li>Уменьшение выраженности, глубины атрофических рубцов, сглаживание их краев;</li><li>Уменьшение глубины и выраженности морщин шеи, декольте;</li><li>Подтяжка и уплотнение кожи;</li><li>Повышение тонуса кожи кистей рук;</li><li>Профилактика деформации овала.</li></ul>"
        },
        {
            "id": 7,
            "name": "MESO-F HyalDeep 3.2%",
            "pic": "img/MesoF-3.2.jpg",
            "value": "1.4 ml",
            "price": 1150,
            "contains": "<p>Состав: Гиалуроновая кислота биосинтетическая, нестабилизированная.</p><p>Концентрация: 32 мг/мл.</p>",
            "content": "<center><p><b>ПРЕДПОЧТИТЕЛЬНОЕ ПРИМЕНЕНИЕ. ФОРМА ВЫПУСКА</b></p></center><table><tr><td>АРМИРОВАНИЕ В ШПРИЦАХ / АУГМЕНТАЦИЯ </td><td>АРМИРОВАНИЕ В ШПРИЦАХ / АУГМЕНТАЦИЯ </td></tr><tr><td colspan=\"2\">Идеален для уплотнения и аугментации кожи, сопровождающейся выраженной потерей тонуса и объемов.</td></tr><tr><td colspan=\"2\">«Примерка губ и заполнения складок»</td></tr><tr><td colspan=\"2\">Пролонгированная стимуляция неоколлагеногенеза</td></tr><tr><td>Гель   в шприце объемом 1,4 мл </td><td>Гель во флаконах объемом 3 и 6 мл</td></tr><tr><td>м.в. 2200 кДа</td><td>м.в. 2000-2200 кДа</td></tr></table><center><p><b>ПОКАЗАНИЯ ОБЩИЕ:</b></p></center><p>АРМИРОВАНИЕ КОЖИ С ИСПОЛЬЗОВАНИЕМ HYALDEEP 3.2% </p><p>Сниженный тонус кожи в сочетании с потерей объемов в области шеи, декольте, кистей, рук.</p><p>АУГМЕНТАЦИЯ КОЖИ С ИСПОЛЬЗОВАНИЕМ HYALDEEP 3.2% </p><p>В зонах потери объемов области шеи, декольте, кистей, рук</p><table><tr><td>АУГМЕНТАЦИЯ</td><td>МОДЕЛИРОВАНИЕ</td></tr><tr><td><ul><li>Дермальная аугментация небольших объемов: примерка аугментации губ, носогубных складок </li><li>Биоревитализирующий эффект в процессе биодеградации</li><li>Армирование гравитационных морщин и участков дряблой кожи производится с целью добиться сжатия и, как следствие, уплотнения кожи</li></ul></td><td><ul><li>1 флакон=все зоны интрадермально</li><li>Дермальная диффузная аугментация: нижней трети лица, щек, «колец венеры», межпястных промежутков кистей рук</li><li>HyalDeep 3.2% во флаконах с целью армирования не применяется</li></ul></td></tr></table><center><p><b>КЛИНИЧЕСКИЕ РЕЗУЛЬТАТЫ</b></p></center><ul><li>Подтяжка и уплотнение кожи - уменьшение дряблости кожи обрабатываемых проблемных областей;</li><li>Уменьшение глубины и выраженности морщин шеи, декольте;</li><li>Повышение тонуса кожи кистей рук;</li><li>Собственно аугментация обрабатываемых зон.</li></ul>"
        },
        {
            "id": 8,
            "name": "MESO-F HyalSoft 1.2%",
            "pic": "img/MESO-F-HyalSoft-1.2-3ml.jpg",
            "value": "3 ml",
            "price": 1200,
            "contains": "<p>Состав: Гиалуроновая кислота биосинтетическая, нестабилизированная.</p><p>Концентрация: 12 мг/мл.</p>",
            "content": "<table><tr><td>БИОРЕВИТАЛИЗАЦИЯ В ШПРИЦАХ</td><td>УВЛАЖНЕНИЕ ВО ФЛАКОНАХ</td></tr><tr> <td> Идеальная терапия дермы с целью увлажнения и повышения тургора кожи; биоревитализации в молодом возрасте </td><td> Идеален для увлажнения базы для создания коктейлей при использовании пептидов на раздраженной чувствительной коже. </td></tr><tr> <td colspan=\"2\">Биоревитализация, гидратация</td></tr><tr> <td>Гель   в шприце объемом 1,4 мл </td><td>Гель во флаконах объемом 3 и 6 мл</td></tr><tr> <td>М.в. 1100 кДа</td><td>М.в. 1100 кДа и больше</td></tr></table><center> <p><b>ХАРАКТЕРИСТИКИ И ОТЛИЧИЯ</b><br>(применимо ко всем препаратам данной линейки)</p></center><p>В шприцах ГК имеет узкий диапазоном значений м.в. таким образом, длины молекул ГК будут иметь более низкую биодоступность для гиалуронидаз в тканях, дольше депонироваться и медленнее биодеградировать по сравнению с препаратами равной концентрации, но имеющими разброс значений по м.м (во флаконах).</p><center> <p><b>КЛИНИЧЕСКИЕ РЕЗУЛЬТАТЫ</b> <br>ОБЩИЕ</p></center><ul> <li>Повышение увлажненности, тонуса и тургора кожи лица, шеи, декольте, кистей рук;</li><li>Разглаживание и предотвращение появления поверхностных морщин;</li><li>Выравнивание рельефа кожи;</li><li>Разглаживание «гусиных лапок» и гидратация нижнего века.</li></ul><p>При комбинированном использовании - сокращение периода реабилитации после лазерных шлифовок, химических пилингов.</p><center> <p>ОТЛИЧИЯ<br>(применимо ко всем препаратам данной линейки)</p></center><table> <tr> <td>БИОРЕВИТАЛИЗАЦИЯ В ШПРИЦАХ</td><td>УВЛАЖНЕНИЕ ВО ФЛАКОНАХ</td></tr><tr> <td> <ul> <li>Применяется в моновиде у взыскательных клиентов </li><li>Курс короче </li><li> Первичный эффект наступает после первой процедуры </li><li> Кратность ниже </li><li>Стойкость результата выше</li></ul> </td><td> <ul> <li>Для пациентов, которым высокая кратность (еженедельно) и более длительный курс (не менее 6) процедур не критичны</li><li>Курс длиннее</li><li> Первичный эффект наступает после третьей процедуры</li><li> Кратность выше</li><li>Стойкость результата ниже</li></ul> </td></tr></table>"
        },
        {
            "id": 9,
            "name": "MESO-F HyalSoft Plus 1.8%",
            "pic": "img/MESO-F-HyalSoft-Plus-1.8-3ml.jpg",
            "value": "3 ml",
            "price": 1350,
            "contains": "<p>Состав: Гиалуроновая кислота биосинтетическая, нестабилизированная.</p><p>Концентрация: 18 мг/мл.</p>",
            "content": "<center><p><b>ПРЕДПОЧТИТЕЛЬНОЕ ПРИМЕНЕНИЕ. ФОРМА ВЫПУСКА</b></p></center><table><tr><td>БИОРЕВИТАЛИЗАЦИЯ / БИОСТИМУЛЯЦИЯ В ШПРИЦАХ</td><td>БИОСТИМУЛЯЦИЯ ВО ФЛАКОНАХ</td></tr><tr><td colspan=\"2\">Идеален для проведения терапии дермы у пациентов старше 35 лет с целью разглаживания морщин, повышения тонуса, и биоревитализации кожи</td></tr><tr><td colspan=\"2\">Стимуляция неоколлагеногенеза. Биоревитализация </td></tr><tr><td>Гель   в шприце объемом 1,4 мл </td><td>Гель во флаконах объемом 3 и 6 мл</td></tr><tr><td>м.в. 1500 кДа</td><td>м.в. 1500-1700 кДа</td></tr></table><center><p><b>КЛИНИЧЕСКИЕ РЕЗУЛЬТАТЫ</b></p></center><ul><li>Оживление и лифтинг кожи с сохраненным регенераторным потенциалом;</li><li>Повышение упругости и тонуса кожи лица, шеи, декольте, кистей рук;</li><li>Разглаживание морщин;</li><li>Уменьшение выраженности дермальных складок;</li><li>Разглаживание морщин нижнего век.</li></ul>"
        },
        {
            "id": 10,
            "name": "MESO-F HyalMed 2.6%",
            "pic": "img/MESO-F-HyalMed-2.6-3ml.jpg",
            "value": "3 ml",
            "price": 1425,
            "contains": "<p>Состав: Гиалуроновая кислота биосинтетическая, нестабилизированная.</p><p>Концентрация: 26 мг/мл.</p>",
            "content": "<center><p><b>ПРЕДПОЧТИТЕЛЬНОЕ ПРИМЕНЕНИЕ. ФОРМА ВЫПУСКА</b></p></center><table><tr><td>БИОСТИМУЛЯЦИЯ В ШПРИЦАХ / БИОРЕВИТАЛИЗАЦИЯ</td><td>БИОСТИМУЛЯЦИЯ ВО ФЛАКОНАХ</td></tr><tr><td colspan=\"2\">Идеален для проведения терапии дермы у пациентов после 45 лет, либо со сниженной регенераторной способностью в любом возрасте, с целью омоложения, лифтинга разглаживания морщин.</td></tr><tr><td colspan=\"2\">Стимуляция синтеза коллагена 1и 3 типа. «Оживление» в процессе биодеградации</td></tr><tr><td>Гель   в шприце объемом 1,4 мл </td><td>Гель во флаконах объемом 3 и 6 мл</td></tr><tr><td>м.в. 1700 кДа</td><td>м.в. 1700-1900 кДа</td></tr></table><center><p><b>КЛИНИЧЕСКИЕ РЕЗУЛЬТАТЫ</b></p></center><ul><li>Омоложение и лифтинг кожи;</li><li>Уменьшение дряблости кожи обрабатываемых проблемных областей;</li><li>Уменьшение выраженности, глубины атрофических рубцов, сглаживание их краев;</li><li>Уменьшение глубины и выраженности морщин шеи, декольте;</li><li>Подтяжка и уплотнение кожи;</li><li>Повышение тонуса кожи кистей рук;</li><li>Профилактика деформации овала.</li></ul>"
        },
        {
            "id": 11,
            "name": "MESO-F HyalDeep 3.2%",
            "pic": "img/MESO-F-HyalDeep-3.2-3ml.jpg",
            "value": "3 ml",
            "price": 1600,
            "contains": "<p>Состав: Гиалуроновая кислота биосинтетическая, нестабилизированная.</p><p>Концентрация: 32 мг/мл.</p>",
            "content": "<center><p><b>ПРЕДПОЧТИТЕЛЬНОЕ ПРИМЕНЕНИЕ. ФОРМА ВЫПУСКА</b></p></center><table><tr><td>АРМИРОВАНИЕ В ШПРИЦАХ / АУГМЕНТАЦИЯ </td><td>АРМИРОВАНИЕ В ШПРИЦАХ / АУГМЕНТАЦИЯ </td></tr><tr><td colspan=\"2\">Идеален для уплотнения и аугментации кожи, сопровождающейся выраженной потерей тонуса и объемов.</td></tr><tr><td colspan=\"2\">«Примерка губ и заполнения складок»</td></tr><tr><td colspan=\"2\">Пролонгированная стимуляция неоколлагеногенеза</td></tr><tr><td>Гель   в шприце объемом 1,4 мл </td><td>Гель во флаконах объемом 3 и 6 мл</td></tr><tr><td>м.в. 2200 кДа</td><td>м.в. 2000-2200 кДа</td></tr></table><center><p><b>ПОКАЗАНИЯ ОБЩИЕ:</b></p></center><p>АРМИРОВАНИЕ КОЖИ С ИСПОЛЬЗОВАНИЕМ HYALDEEP 3.2% </p><p>Сниженный тонус кожи в сочетании с потерей объемов в области шеи, декольте, кистей, рук.</p><p>АУГМЕНТАЦИЯ КОЖИ С ИСПОЛЬЗОВАНИЕМ HYALDEEP 3.2% </p><p>В зонах потери объемов области шеи, декольте, кистей, рук</p><table><tr><td>АУГМЕНТАЦИЯ</td><td>МОДЕЛИРОВАНИЕ</td></tr><tr><td><ul><li>Дермальная аугментация небольших объемов: примерка аугментации губ, носогубных складок </li><li>Биоревитализирующий эффект в процессе биодеградации</li><li>Армирование гравитационных морщин и участков дряблой кожи производится с целью добиться сжатия и, как следствие, уплотнения кожи</li></ul></td><td><ul><li>1 флакон=все зоны интрадермально</li><li>Дермальная диффузная аугментация: нижней трети лица, щек, «колец венеры», межпястных промежутков кистей рук</li><li>HyalDeep 3.2% во флаконах с целью армирования не применяется</li></ul></td></tr></table><center><p><b>КЛИНИЧЕСКИЕ РЕЗУЛЬТАТЫ</b></p></center><ul><li>Подтяжка и уплотнение кожи - уменьшение дряблости кожи обрабатываемых проблемных областей;</li><li>Уменьшение глубины и выраженности морщин шеи, декольте;</li><li>Повышение тонуса кожи кистей рук;</li><li>Собственно аугментация обрабатываемых зон.</li></ul>"
        },
        {
            "id": 12,
            "name": "MESO-F HyalSoft 1.2%",
            "pic": "img/MESO-F-HyalSoft-1.2-6ml.jpg",
            "value": "6 ml",
            "price": 2300,
            "contains": "<p>Состав: Гиалуроновая кислота биосинтетическая, нестабилизированная.</p><p>Концентрация: 12 мг/мл.</p>",
            "content": "<table><tr><td>БИОРЕВИТАЛИЗАЦИЯ В ШПРИЦАХ</td><td>УВЛАЖНЕНИЕ ВО ФЛАКОНАХ</td></tr><tr> <td> Идеальная терапия дермы с целью увлажнения и повышения тургора кожи; биоревитализации в молодом возрасте </td><td> Идеален для увлажнения базы для создания коктейлей при использовании пептидов на раздраженной чувствительной коже. </td></tr><tr> <td colspan=\"2\">Биоревитализация, гидратация</td></tr><tr> <td>Гель   в шприце объемом 1,4 мл </td><td>Гель во флаконах объемом 3 и 6 мл</td></tr><tr> <td>М.в. 1100 кДа</td><td>М.в. 1100 кДа и больше</td></tr></table><center> <p><b>ХАРАКТЕРИСТИКИ И ОТЛИЧИЯ</b><br>(применимо ко всем препаратам данной линейки)</p></center><p>В шприцах ГК имеет узкий диапазоном значений м.в. таким образом, длины молекул ГК будут иметь более низкую биодоступность для гиалуронидаз в тканях, дольше депонироваться и медленнее биодеградировать по сравнению с препаратами равной концентрации, но имеющими разброс значений по м.м (во флаконах).</p><center> <p><b>КЛИНИЧЕСКИЕ РЕЗУЛЬТАТЫ</b> <br>ОБЩИЕ</p></center><ul> <li>Повышение увлажненности, тонуса и тургора кожи лица, шеи, декольте, кистей рук;</li><li>Разглаживание и предотвращение появления поверхностных морщин;</li><li>Выравнивание рельефа кожи;</li><li>Разглаживание «гусиных лапок» и гидратация нижнего века.</li></ul><p>При комбинированном использовании - сокращение периода реабилитации после лазерных шлифовок, химических пилингов.</p><center> <p>ОТЛИЧИЯ<br>(применимо ко всем препаратам данной линейки)</p></center><table> <tr> <td>БИОРЕВИТАЛИЗАЦИЯ В ШПРИЦАХ</td><td>УВЛАЖНЕНИЕ ВО ФЛАКОНАХ</td></tr><tr> <td> <ul> <li>Применяется в моновиде у взыскательных клиентов </li><li>Курс короче </li><li> Первичный эффект наступает после первой процедуры </li><li> Кратность ниже </li><li>Стойкость результата выше</li></ul> </td><td> <ul> <li>Для пациентов, которым высокая кратность (еженедельно) и более длительный курс (не менее 6) процедур не критичны</li><li>Курс длиннее</li><li> Первичный эффект наступает после третьей процедуры</li><li> Кратность выше</li><li>Стойкость результата ниже</li></ul> </td></tr></table>"
        },
        {
            "id": 13,
            "name": "MESO-F HyalSoft Plus 1.8%",
            "pic": "img/MESO-F-HyalSoft-Plus-1.8-6ml.jpg",
            "value": "6 ml",
            "price": 2650,
            "contains": "<p>Состав: Гиалуроновая кислота биосинтетическая, нестабилизированная.</p><p>Концентрация: 18 мг/мл.</p>",
            "content": "<center><p><b>ПРЕДПОЧТИТЕЛЬНОЕ ПРИМЕНЕНИЕ. ФОРМА ВЫПУСКА</b></p></center><table><tr><td>БИОРЕВИТАЛИЗАЦИЯ / БИОСТИМУЛЯЦИЯ В ШПРИЦАХ</td><td>БИОСТИМУЛЯЦИЯ ВО ФЛАКОНАХ</td></tr><tr><td colspan=\"2\">Идеален для проведения терапии дермы у пациентов старше 35 лет с целью разглаживания морщин, повышения тонуса, и биоревитализации кожи</td></tr><tr><td colspan=\"2\">Стимуляция неоколлагеногенеза. Биоревитализация </td></tr><tr><td>Гель   в шприце объемом 1,4 мл </td><td>Гель во флаконах объемом 3 и 6 мл</td></tr><tr><td>м.в. 1500 кДа</td><td>м.в. 1500-1700 кДа</td></tr></table><center><p><b>КЛИНИЧЕСКИЕ РЕЗУЛЬТАТЫ</b></p></center><ul><li>Оживление и лифтинг кожи с сохраненным регенераторным потенциалом;</li><li>Повышение упругости и тонуса кожи лица, шеи, декольте, кистей рук;</li><li>Разглаживание морщин;</li><li>Уменьшение выраженности дермальных складок;</li><li>Разглаживание морщин нижнего век.</li></ul>"
        },
        {
            "id": 14,
            "name": "MESO-F HyalMed 2.6%",
            "pic": "img/MESO-F-HyalMed-2.6-6ml.jpg",
            "value": "6 ml",
            "price": 2750,
            "contains": "<p>Состав: Гиалуроновая кислота биосинтетическая, нестабилизированная.</p><p>Концентрация: 26 мг/мл.</p>",
            "content": "<center><p><b>ПРЕДПОЧТИТЕЛЬНОЕ ПРИМЕНЕНИЕ. ФОРМА ВЫПУСКА</b></p></center><table><tr><td>БИОСТИМУЛЯЦИЯ В ШПРИЦАХ / БИОРЕВИТАЛИЗАЦИЯ</td><td>БИОСТИМУЛЯЦИЯ ВО ФЛАКОНАХ</td></tr><tr><td colspan=\"2\">Идеален для проведения терапии дермы у пациентов после 45 лет, либо со сниженной регенераторной способностью в любом возрасте, с целью омоложения, лифтинга разглаживания морщин.</td></tr><tr><td colspan=\"2\">Стимуляция синтеза коллагена 1и 3 типа. «Оживление» в процессе биодеградации</td></tr><tr><td>Гель   в шприце объемом 1,4 мл </td><td>Гель во флаконах объемом 3 и 6 мл</td></tr><tr><td>м.в. 1700 кДа</td><td>м.в. 1700-1900 кДа</td></tr></table><center><p><b>КЛИНИЧЕСКИЕ РЕЗУЛЬТАТЫ</b></p></center><ul><li>Омоложение и лифтинг кожи;</li><li>Уменьшение дряблости кожи обрабатываемых проблемных областей;</li><li>Уменьшение выраженности, глубины атрофических рубцов, сглаживание их краев;</li><li>Уменьшение глубины и выраженности морщин шеи, декольте;</li><li>Подтяжка и уплотнение кожи;</li><li>Повышение тонуса кожи кистей рук;</li><li>Профилактика деформации овала.</li></ul>"
        },
        {
            "id": 15,
            "name": "MESO-F HyalDeep 3.2%  ",
            "pic": "img/MESO-F-HyalDeep-3.2-6ml.jpg",
            "value": "6 ml",
            "price": 2850,
            "contains": "<p>Состав: Гиалуроновая кислота биосинтетическая, нестабилизированная.</p><p>Концентрация: 32 мг/мл.</p>",
            "content": "<center><p><b>ПРЕДПОЧТИТЕЛЬНОЕ ПРИМЕНЕНИЕ. ФОРМА ВЫПУСКА</b></p></center><table><tr><td>АРМИРОВАНИЕ В ШПРИЦАХ / АУГМЕНТАЦИЯ </td><td>АРМИРОВАНИЕ В ШПРИЦАХ / АУГМЕНТАЦИЯ </td></tr><tr><td colspan=\"2\">Идеален для уплотнения и аугментации кожи, сопровождающейся выраженной потерей тонуса и объемов.</td></tr><tr><td colspan=\"2\">«Примерка губ и заполнения складок»</td></tr><tr><td colspan=\"2\">Пролонгированная стимуляция неоколлагеногенеза</td></tr><tr><td>Гель   в шприце объемом 1,4 мл </td><td>Гель во флаконах объемом 3 и 6 мл</td></tr><tr><td>м.в. 2200 кДа</td><td>м.в. 2000-2200 кДа</td></tr></table><center><p><b>ПОКАЗАНИЯ ОБЩИЕ:</b></p></center><p>АРМИРОВАНИЕ КОЖИ С ИСПОЛЬЗОВАНИЕМ HYALDEEP 3.2% </p><p>Сниженный тонус кожи в сочетании с потерей объемов в области шеи, декольте, кистей, рук.</p><p>АУГМЕНТАЦИЯ КОЖИ С ИСПОЛЬЗОВАНИЕМ HYALDEEP 3.2% </p><p>В зонах потери объемов области шеи, декольте, кистей, рук</p><table><tr><td>АУГМЕНТАЦИЯ</td><td>МОДЕЛИРОВАНИЕ</td></tr><tr><td><ul><li>Дермальная аугментация небольших объемов: примерка аугментации губ, носогубных складок </li><li>Биоревитализирующий эффект в процессе биодеградации</li><li>Армирование гравитационных морщин и участков дряблой кожи производится с целью добиться сжатия и, как следствие, уплотнения кожи</li></ul></td><td><ul><li>1 флакон=все зоны интрадермально</li><li>Дермальная диффузная аугментация: нижней трети лица, щек, «колец венеры», межпястных промежутков кистей рук</li><li>HyalDeep 3.2% во флаконах с целью армирования не применяется</li></ul></td></tr></table><center><p><b>КЛИНИЧЕСКИЕ РЕЗУЛЬТАТЫ</b></p></center><ul><li>Подтяжка и уплотнение кожи - уменьшение дряблости кожи обрабатываемых проблемных областей;</li><li>Уменьшение глубины и выраженности морщин шеи, декольте;</li><li>Повышение тонуса кожи кистей рук;</li><li>Собственно аугментация обрабатываемых зон.</li></ul>"
        },
        {
            "id": 16,
            "name": "MESO-F HyalRich 3.6%",
            "pic": "img/MESO-F-HyalRich-3.6-7ml.jpg",
            "value": "7 ml",
            "price": 3200,
            "contains": "<p>Состав: нестабилизированная биосинтетическая гиалуроновая кислота 36 мг/мл (2500-2700 кДа).</p>",
            "content": "<p><b>Форма выпуска:</b></p><p>Флакон 7 мл</p><center><p><b>ПОКАЗАНИЯ ОБЩИЕ:</b></p></center><ul><li>Снижение тонуса и упругости внутренней поверхности плечей и бедер, передней брюшной стенки;</li><li>Сниженный тонус кожи кистей рук (жилистого типа).</li></ul><center><p><b>КЛИНИЧЕСКИЕ РЕЗУЛЬТАТЫ</b></p></center><ul><li>Уплотнение кожи с пролонгированным эффектом биоревитализации;</li><li>Лифтинг- эффект;</li><li>Уменьшение дряблости кожи обрабатываемых проблемных областей;</li><li>Повышение тонуса кожи кистей рук;</li><li>Аугментация атрофических рубцов на теле: стрии на больших площадях тела (флаконы экономичнее).</li></ul>"
        }]
    },
    {
        "category": "Мезотерапия",
        "products": [
        {
            "id": 17,
            "name": "Sonata Hair Extra",
            "pic": "img/Sonata Hair Extra 6ml.jpg",
            "value": "6 ml",
            "price": 850,
            "contains": "<p>Основные ингредиенты: гиалуронат натрия, мио-инозитол, L- глицин, L-аланин, L-аспарагиназа, L- цистеин, L-глутаминовая кислота, L-гистидин, L-изолейцин, фолиевая кислота, витамин С, витамин Н (биотин), витаминыВ1, В2, ВЗ, В5, В6, В12. </p>",
            "content": "<p>Формула коктейля обеспечивает прицельную доставку ингредиентов, необходимых для формирования и укрепления здорового волосяного стержня. Сбалансированный высокоэффективный состав воздействует на регуляцию питания волосяного фолликула, тем самым предотвращает преждевременное выпадение волос, усиливает их рост. </p><p><b>Результат:</b> </p><p>Активация клеточного метаболизма кожи волосистой части головы; уменьшение активности выпадения пигмента; стимулирование роста волос. </p><p><b>Форма выпуска:</b> </p><p>Флакон 6мл с резиновой пробкой и защитным колпачком.</p>"
        },
        {
            "id": 18,
            "name": "Sonata DMAE Lift",
            "pic": "img/Sonata DMAE Lift 6ml.jpg",
            "value": "6 ml",
            "price": 850,
            "contains": "<p>Основные ингредиенты: гиалуронат натрия, 2-диметиламино-этанол, тартаровая кислота, органический кремний. </p>",
            "content": "<p>Препарат активно воздействует на фибробласты и миофибробласты, нормализуя их работу. Действие препарата направлено на моделирование овала лица, усиление мышечного тонуса, восстановление тургора кожи. Данный комплекс прекрасно подходит для пациентов с гравитационным, деформационным и мелкоморщинистым типом старения. </p><p><b>Результат:</b> </p><p>Оказывает истинное лифтинговое действие, создает новый каркас кожи.</p><p><b>Форма выпуска:</b> </p><p>Флакон 6мл с резиновой пробкой и защитным колпачком.</p>"
        },
        {
            "id": 19,
            "name": "Sonata Antiacne Block",
            "pic": "img/Sonata Antiacne Block 6ml.jpg",
            "value": "6 ml",
            "price": 850,
            "contains": "<p>Основные ингредиенты: гиалуронат натрия, аскорбиновая кислота, глюконат цинка, глюконат меди, глюкозамина сульфат, декапептид ацетил-3, трипептид меди-1, азелаиновая кислота.</p>",
            "content": "<p>Обладает иммунокорректирующим действием, нормализует избыточную себосекрецию, эффективно борется с воспалительными элементами и проявлениями постакне. Применяется при комедональной и подострой форме акне, при постакне. </p><p><b>Результат:</b> </p><p>Рассасывает пустулы, купирует воспалительный валик, выравнивает тон и рельеф кожи, сужает поры, делает кожу матовой. </p><p><b>Форма выпуска:</b> </p><p>Флакон 6мл с резиновой пробкой и защитным колпачком.</p>"
        },
        {
            "id": 20,
            "name": "Sonata Aminovit Extra",
            "pic": "img/Sonata Aminovit Extra 6ml.jpg",
            "value": "6 ml",
            "price": 850,
            "contains": "<p>Основные ингредиенты: гиалуронат натрия, протеиногенные L-аминокислоты. </p>",
            "content": "<p>Сбалансированный комплекс аминокислот укрепляет барьерные свойства дермы, что приводит к выраженному эффекту лифтинга, повышению тонуса и восстановлению упругости кожи лица и тела. </p><p><b>Результат:</b> </p><p>Препарат купирует эффект синдрома «стрессовая кожа, «кожа курильщика, а именно выравнивает цвет, осветляет кожу и нивелирует легкую пигментацию. </p><p><b>Форма выпуска:</b> </p><p>Флакон 6мл с резиновой пробкой и защитным колпачком</p>"
        },
        {
            "id": 21,
            "name": "MESO-F Hair Cocktail",
            "pic": "img/MESO-F Hair Cocktail.jpg",
            "value": "6 ml",
            "price": 900,
            "contains": "<p>Состав: Гиалуроновая кислота 2 мг/мл (250 кДа) Биотин, пантенол, пролин, аспарагиновая  кислота, глютаминовая кислота, фолиевая кислота, витамины В2, В6.</p>",
            "content": "<p><b>Форма выпуска:</b> </p><p>Флакон 6 мл</p><p><b>Эффекты</b>:</p><ul><li>Красивые волосы и здоровая кожа головы;</li><li>Улучшение их качества (появление блеска, шелковистости, повышение упругости);</li><li>Уменьшение выпадения, устранение очагов поредения;</li><li>Стимулирование роста новых волос;</li><li>Увлажнение кожи головы;</li><li>Снятие раздражения, шелушения, излишней жирности;</li><li>Улучшение питания волос, утолщение волоса.</li></ul>"
        },
        {
            "id": 22,
            "name": "MESO-F Antiradical Active",
            "pic": "img/MESO-F Antiradical   Active.jpg",
            "value": "6 ml",
            "price": 900,
            "contains": "<p>Состав: Гиалуронат натрия 2 мг/мл м.в. 250 кДа, Лизин, метионин, валин, аргинин, аспарагиновая (аминоянтарная) кислота и ее амид — аспарагин, глютаминовая кислота, орнитин, серин, тирозин, липоевая кислота, супероксиддисмутаза.</p>",
            "content": "<p><b>Форма выпуска:</b> </p><p>Флакон 6 мл</p><p><b>Эффекты</b>:</p><p>Идеально подходит для использования с целью восстановления кожи после любого вида агрессивного воздействия факторов внешней среды.</p><ul><li>Уменьшение гиперпигментации</li><li>Устранение раздражения кожи. Придание ей мягкости и эластичности</li><li>Разглаживание сеточки мелких морщин</li><li>Повышение гидратации</li><li>Увлажнение, питание кожи</li><li>Устранение сухости и стянутости</li></ul>"
        },
        {
            "id": 23,
            "name": "MESO-F DMAE ANTI-AGE Cocktail",
            "pic": "img/MESO-F DMAE ANTI-AGE Cocktail.jpg",
            "value": "6 ml",
            "price": 900,
            "contains": "<p>Состав: Гиалуронат натрия 2 мг/мл м.в. 250 кДа ДМАЭ, тартаровая кислота</p>",
            "content": "<p><b>Форма выпуска:</b> </p><p>Флакон 6 мл</p><p><b>Эффекты</b>:</p><p>Идеален для достижения лифтингового эффекта в нижней трети лица </p><ul> <li>Мощный лифтинг средней и нижней трети лица;</li><li>Уменьшение дряблости проблемных участков (субментального, губоподбородочного);</li><li>Уменьшение пастозности;</li><li>Повышение тонуса, плотности кожи;</li><li>Уменьшение выраженности морщин;</li><li>Улучшение кровоснабжения обрабатываемой зоны.</li></ul><p>Рекомендовано сочетанное с применение с Slim Cocktail (в cоответствующем разведении и на требуемую глубину) с целью липоредукции в обрабатываемой зоне:</p><ul> <li>Уменьшение объема ЛЖО;</li><li>Появление четкости овала.</li></ul>"
        },
        {
            "id": 24,
            "name": "MESO-F AntiAcne System",
            "pic": "img/product.jpg",
            "value": "6 ml",
            "price": 900,
            "contains": "<p>Состав: Water for injection, Ascorbic Acid, Azelaic Acid, Zinc, Copper, Sodium Hyaluronate,   Acetyl      Decapeptide-3, (Rejuline), Niacinamide, Vitamins: B1, B2, B3, B5, B6, B12.</p>",
            "content": "<p>Препарат обладает противовоспалительным, себостатическим и себорегулирующим действием. Купирование проявлений угревой болезни любой формы и стадии. Рассасывает пустулы, выравнивает  тон и рельеф кожи.  Применяется в период постакне и при острой форме акне.</p>"
        },
        {
            "id": 25,
            "name": "MESO-F LipoDrainage Active",
            "pic": "img/product.jpg",
            "value": "6 ml",
            "price": 900,
            "contains": "<p>Состав: Water for injection, Centella Asiatica, Rutin, Green Tea Extract, Meliloto Extract, Ginkgo Biloba Extract.</p>",
            "content": "<p>Препарат с выраженным дренажным и противоотёчным действием для улучшения микроциркуляции. Препарат активно выводит токсины из тканей, укрепляет стенки сосудов. Препятствует ресинтезу жирных кислот, антиоксидант, активизирует липолиз. Препарат содержит компоненты ликвидирующие стаз крови, а также содержит компоненты снижающие проницаемость капилляров. Применяется для лица и тела.</p>"
        },
        {
            "id": 26,
            "name": "MESO-F Amino Flash",
            "pic": "img/MESO-F Amino Flash 6ml.jpg",
            "value": "6 ml",
            "price": 900,
            "contains": "<p>Состав: Гиалуронат натрия 5мг/мл м.в. 1000 кДа Аминокислоты: лейцин, изолейцин, лизин, метионин, орнитин, фенилаланин, пролин, серин, треонин, триптофан, валин</p>",
            "content": "<p><b>Форма выпуска:</b> </p><p>Флакон 6 мл</p><p><b>Эффекты:</b></p><p>Идеален для придания коже свежести, свечения, отдохнувшего, подтянутого вида. </p><p>Результат в сочетании с HyalSoft 1.2% уникален и не имеет аналогов.</p><ul> <li>Питание, укрепление кожи лица, шеи, декольте, кистей рук;</li><li>Свечение, яркость кожи, эффект «фарфорового лица» в результате курса;</li><li>Улучшение цвета лица;</li><li>Эффект мгновенной красоты при использовании поверхностным наппажем;</li><li>Уменьшение выраженности дермальных морщин.</li></ul><p><b>Результат:</b> </p><p>Купирование птоза кожных покровов, устранение избытка кожного лоскута на деликатных участках.</p>"
        }]
    },
    {
        "category": "Пептиды",
        "products": [
        {
            "id": 27,
            "name": "Sonata Derma Activ E ",
            "pic": "img/Sonata Derma Activ E 6ml.jpg",
            "value": "6 ml",
            "price": 900,
            "contains": "<p>Основные ингредиенты: гиалуронат натрия, декапептид-4, аргинин, гистидин. </p>",
            "content": "<p>Комплекс активных компонентов на основе пептидов воздействует на образование эластиновых и коллагеновых волокон, повышая тургор кожи. Действие направлено на устранение мелких и сглаживание глубоких морщин, ускорение процессов репарации кожных покровов после воздействия агрессивных факторов. </p><p><b>Результат:</b> </p><p>Сокращение морщин, выравнивание цвета лица, повышение тонуса кожи, уменьшение темных кругов под глазами. </p><p><b>Форма выпуска:</b> </p><p>Флакон 6мл с резиновой пробкой и защитным колпачком.</p>"
        },
        {
            "id": 28,
            "name": "Sonata Derma Activ F ",
            "pic": "img/Sonata Derma Activ F 6ml.jpg",
            "value": "6 ml",
            "price": 900,
            "contains": "<p>Основные ингредиенты: гиалуронатнатрия, олигопептид-24 (CG-EDP-3), изолейцин, треонин, валин. </p>",
            "content": "<p>Препарат связывается с рецепторами, чувствительными к мелатонину, купирует воспаление, стимулирует выработку факторов роста. Комплекс включает в себя Олигопептид-24, который участвует в процессах репарации и коллагеногенеза, стимулирует рост новых сосудов. </p><p><b>Результат:</b> </p><p>Омолаживает, подтягивает и уплотняет кожу, снимает раздражение и сухость, нормализует гидробаланс. </p><p><b>Форма выпуска:</b> </p><p>Флакон 6мл с резиновой пробкой и защитным колпачком.</p>"
        }]
    }]
}